method,label,condition,bandwidth_khz,n_seeds,mean_cost_s,ci95_lower_s,ci95_upper_s
carrot_queue,Queue / CARROT,bandwidth_10000,10,20,7.373488909064733,7.197476588797113,7.5495012293323525
carrot_queue,Queue / CARROT,bandwidth_30000,30,20,5.714049058358056,5.6296593586304855,5.798438758085627
carrot_queue,Queue / CARROT,primary,100,20,5.471800514362039,5.399668006321448,5.54393302240263
carrot_queue,Queue / CARROT,bandwidth_300000,300,20,5.420600217967222,5.350174271851183,5.491026164083261
carrot_queue,Queue / CARROT,bandwidth_1000000,1000,20,5.406372777308709,5.3364444517718015,5.476301102845617
mean,Queue / Mean,bandwidth_10000,10,20,7.465003134006042,7.275936562836166,7.654069705175918
mean,Queue / Mean,bandwidth_30000,30,20,5.738221967893733,5.6505590283602185,5.825884907427248
mean,Queue / Mean,primary,100,20,5.492714535496417,5.416160683755001,5.569268387237834
mean,Queue / Mean,bandwidth_300000,300,20,5.441029670456038,5.365545142883052,5.516514198029023
mean,Queue / Mean,bandwidth_1000000,1000,20,5.426623975566752,5.351560345297035,5.501687605836469
calibrated,Queue / Calibrated,bandwidth_10000,10,20,7.492360243741707,7.306103622805045,7.67861686467837
calibrated,Queue / Calibrated,bandwidth_30000,30,20,5.770863554984382,5.674916453628881,5.866810656339884
calibrated,Queue / Calibrated,primary,100,20,5.526374508979538,5.440733800388628,5.612015217570448
calibrated,Queue / Calibrated,bandwidth_300000,300,20,5.475059832200708,5.390990341293151,5.559129323108266
calibrated,Queue / Calibrated,bandwidth_1000000,1000,20,5.460281827002846,5.376523036794093,5.544040617211599
routellm_score_queue,Queue / RouteLLM-score,bandwidth_10000,10,20,7.628813084758866,7.444274045400376,7.813352124117356
routellm_score_queue,Queue / RouteLLM-score,bandwidth_30000,30,20,5.857363374072717,5.766303523346282,5.948423224799153
routellm_score_queue,Queue / RouteLLM-score,primary,100,20,5.607049048571604,5.527917003087488,5.686181094055719
routellm_score_queue,Queue / RouteLLM-score,bandwidth_300000,300,20,5.555494298509179,5.4774150114936475,5.63357358552471
routellm_score_queue,Queue / RouteLLM-score,bandwidth_1000000,1000,20,5.540854660285486,5.463211175511304,5.618498145059668
carrot,CARROT native,bandwidth_10000,10,20,7.614906993041954,7.431898529062346,7.797915457021562
carrot,CARROT native,bandwidth_30000,30,20,5.96677446820072,5.871963374780648,6.061585561620792
carrot,CARROT native,primary,100,20,5.716004969492024,5.632857439619569,5.79915249936448
carrot,CARROT native,bandwidth_300000,300,20,5.6630365679065875,5.581434979798273,5.744638156014902
carrot,CARROT native,bandwidth_1000000,1000,20,5.648138105746723,5.5667746035680326,5.729501607925413
routellm,RouteLLM native,bandwidth_10000,10,20,7.929600241454158,7.730636442795841,8.128564040112474
routellm,RouteLLM native,bandwidth_30000,30,20,6.2816147129994535,6.175811248315954,6.387418177682953
routellm,RouteLLM native,primary,100,20,6.049182502777148,5.957604277982795,6.140760727571501
routellm,RouteLLM native,bandwidth_300000,300,20,6.00178132453377,5.911508183718692,6.0920544653488475
routellm,RouteLLM native,bandwidth_1000000,1000,20,5.987731397845795,5.897784204895286,6.077678590796303
bao_queue,Bao-Queue transfer,bandwidth_10000,10,20,7.486369769888524,7.307051957498441,7.665687582278608
bao_queue,Bao-Queue transfer,bandwidth_30000,30,20,5.830037887735425,5.741793156865192,5.918282618605657
bao_queue,Bao-Queue transfer,primary,100,20,5.589300625483181,5.513408540101853,5.66519271086451
bao_queue,Bao-Queue transfer,bandwidth_300000,300,20,5.539515868172886,5.464635063743576,5.614396672602196
bao_queue,Bao-Queue transfer,bandwidth_1000000,1000,20,5.525066017011165,5.450520711542734,5.599611322479595
bao_radio,Bao-Debt transfer,bandwidth_10000,10,20,8.74812333160744,8.454483625080353,9.041763038134526
bao_radio,Bao-Debt transfer,bandwidth_30000,30,20,5.978414290169881,5.8893824214958785,6.067446158843883
bao_radio,Bao-Debt transfer,primary,100,20,5.630448969771147,5.56223406638757,5.698663873154724
bao_radio,Bao-Debt transfer,bandwidth_300000,300,20,5.577384319598521,5.500648086153984,5.654120553043058
bao_radio,Bao-Debt transfer,bandwidth_1000000,1000,20,5.563356944632446,5.4853516197360515,5.64136226952884
