provider,service,repeat,client_width,requests,cell_status,complete,truncated,transport_failed,blocked_or_empty,actual_four_task_makespan_s,mean_rpc_latency_s,mean_visible_ttft_s,ttft_observed_count,complete_usage_count,known_reported_output_tokens,reported_output_tokens_per_level_s,max_client_rpc_window_overlap,max_first_to_last_visible_chunk_window_overlap,output_text_changed_vs_same_repeat_width1,known_output_token_count_changed_vs_width1,max_client_launch_skew_s,descriptive_independent_replica_makespan_from_width1_s,observed_minus_descriptive_independent_makespan_s
edge,dialogue,1,1,4,measured,3,1,0,0,8.3900725,2.083118475,0.251609525,4,4,692,82.47842911965301,1,1,0,0,4.3e-06,8.3324739,0.05759860000000039
edge,dialogue,1,2,4,measured,3,1,0,0,8.1344837,3.50121795,1.67805495,4,4,692,85.06993504701472,2,1,0,0,0.0001747,7.2830403,0.8514434000000008
edge,dialogue,1,4,4,measured,3,1,0,0,8.1708936,3.1112469249999997,1.2954285,4,4,692,84.6908592715,4,1,0,0,0.0003788,5.5962505,2.5746430999999994
edge,dialogue,2,1,4,measured,3,1,0,0,8.2144754,2.0334718,0.21412627499999998,4,4,692,84.2415329407402,1,1,0,0,2.31e-05,8.1338872,0.08058819999999933
edge,dialogue,2,2,4,measured,3,1,0,0,8.1186832,3.493357875,1.677920075,4,4,692,85.23549730330653,2,1,0,0,0.000417,7.1317094,0.9869737999999995
edge,dialogue,2,4,4,measured,3,1,0,0,8.0704767,6.4449485,4.63665835,4,4,692,85.74462522145687,4,1,0,0,0.0004013,5.5595649,2.5109118000000006
edge,summary,1,1,4,measured,4,0,0,0,2.826606,0.69880205,0.265032125,4,4,197,69.69489203659796,1,1,0,0,3.2e-06,2.7952082,0.03139780000000014
edge,summary,1,2,4,measured,4,0,0,0,3.2292127,1.228607725,0.7958438,4,4,197,61.00558194881371,2,1,0,0,0.000206,1.4499144,1.7792983000000002
edge,summary,1,4,4,measured,4,0,0,0,2.5727049,1.57808225,1.146679175,4,4,197,76.57310405091543,4,1,0,0,0.0004133,0.7329011,1.8398038000000003
edge,summary,2,1,4,measured,4,0,0,0,2.8464678,0.697213175,0.2676742,4,4,197,69.20858194847663,1,1,0,0,8.9e-06,2.7888527,0.05761510000000003
edge,summary,2,2,4,measured,4,0,0,0,2.7836081,1.0518186999999999,0.613604475,4,4,197,70.77145665727873,2,1,0,0,0.0003998,1.4588600999999999,1.324748
edge,summary,2,4,4,measured,4,0,0,0,2.5947334,1.567121175,1.1386176000000001,4,4,197,75.92302160985017,4,1,0,0,0.0004464,0.742904,1.8518294
edge,code,1,1,4,measured,4,0,0,0,3.9922895,0.987903475,0.23698775,4,4,504,126.24334983722999,1,1,0,0,2.6e-06,3.9516139,0.040675600000000145
edge,code,1,2,4,measured,4,0,0,0,3.9604455,1.54408405,0.78933085,4,4,504,127.25841070152335,2,1,0,0,0.0002428,2.9136999,1.0467456
edge,code,1,4,4,measured,4,0,0,0,3.9845254,2.641572775,1.8894645,4,4,504,126.48934299678452,4,1,0,0,0.0005187,1.6242191,2.3603063
edge,code,2,1,4,measured,4,0,0,0,3.9856072,0.98437155,0.229418475,4,4,504,126.4550104184878,1,1,0,0,2.6e-06,3.9374862,0.04812100000000008
edge,code,2,2,4,measured,4,0,0,0,3.983863,1.254013625,0.50280185,4,4,504,126.51037447823883,2,1,0,0,0.0002312,2.9121975,1.0716655
edge,code,2,4,4,measured,4,0,0,0,3.8389835,2.242445975,1.4877253,4,4,504,131.28475285189427,4,1,0,0,0.0004301,1.6165492,2.2224342999999998
cloud,dialogue,1,1,4,measured,2,2,0,0,14.1132595,3.507866525,2.533111225,4,4,596,42.229791069880065,1,1,0,0,1.05e-05,14.0314661,0.08179340000000046
cloud,dialogue,1,2,4,measured,2,2,0,0,7.7936845,3.1363037,2.269855725,4,4,584,74.93246615256237,2,2,3,1,0.0002584,8.0430182,-0.2493337000000002
cloud,dialogue,1,4,4,measured,3,1,0,0,4.2475845,2.98844555,1.961207125,4,4,656,154.44071801279054,4,3,3,2,0.0003846,4.922745,-0.6751604999999996
cloud,dialogue,2,1,4,measured,2,2,0,0,14.374429,3.5733148,2.6685973250000004,4,4,580,40.349428836442826,1,1,0,0,1.22e-05,14.2932592,0.08116979999999963
cloud,dialogue,2,2,4,measured,3,1,0,0,7.282254,2.781069675,1.796053675,4,4,655,89.94467921607787,2,1,3,2,0.0001939,10.2573558,-2.975101799999999
cloud,dialogue,2,4,4,measured,3,1,0,0,4.6806232,2.62078705,1.510891375,4,4,677,144.6388592014841,4,2,3,2,0.0006395,5.6496802,-0.9690569999999994
cloud,summary,1,1,4,measured,4,0,0,0,6.4072003,1.580766925,1.46077705,4,4,151,23.56723575506138,1,1,0,0,2.24e-05,6.3230677,0.08413260000000022
cloud,summary,1,2,4,measured,4,0,0,0,5.3492344,2.2436353,1.993809325,4,4,152,28.4152812596883,2,2,4,4,0.0003118,3.2360387,2.1131957000000003
cloud,summary,1,4,4,measured,4,0,0,0,2.4165816,1.936945025,1.59950025,4,4,156,64.55399643860567,4,2,4,4,0.000188,1.775145,0.6414366000000002
cloud,summary,2,1,4,measured,4,0,0,0,9.9385439,2.4686207,2.156362775,4,4,155,15.595845987056514,1,1,0,0,5.4e-06,9.8744828,0.06406110000000176
cloud,summary,2,2,4,measured,4,0,0,0,3.6781182,1.7363952,1.45852285,4,4,133,36.15979497341874,2,2,4,4,0.0001608,5.2136721,-1.5355539
cloud,summary,2,4,4,measured,4,0,0,0,1.9542076,1.7394379500000001,1.4974927,4,4,152,77.7808867389524,4,3,4,3,0.0003756,3.223229,-1.2690214
cloud,code,1,1,4,measured,4,0,0,0,9.2145545,2.29052885,1.5310605000000002,4,4,544,59.03703754750162,1,1,0,0,4.5e-06,9.1621154,0.05243910000000085
cloud,code,1,2,4,measured,4,0,0,0,6.7327092,2.4699138499999997,1.688300525,4,4,527,78.27458224395018,2,1,2,2,0.0002187,5.5635615000000005,1.1691477
cloud,code,1,4,4,measured,4,0,0,0,4.1299239,2.8684819,2.150678,4,4,523,126.6367159937257,4,2,2,2,0.0002303,2.8050788,1.3248450999999997
cloud,code,2,1,4,measured,4,0,0,0,9.3366172,2.314501625,1.5210503499999999,4,4,529,56.65863649202626,1,1,0,0,7.8e-06,9.2580065,0.0786106999999987
cloud,code,2,2,4,measured,4,0,0,0,7.4301334,2.7328752,1.94679485,4,4,522,70.2544586884537,2,1,2,2,0.0002013,5.8366011,1.5935322999999997
cloud,code,2,4,4,measured,4,0,0,0,5.5873079,2.9913335,2.152346775,4,4,533,95.39477858379703,4,2,3,3,0.0006518,2.98712,2.6001879
